ip,port,proxy_kind,http_type,location,ping,check_time
59.44.78.30,54069,高匿名,HTTP,辽宁省大连市  电信,3秒,2020-01-29 22:31:01
124.113.217.72,9999,高匿名,HTTP,安徽省淮南市  电信,3秒,2020-01-29 20:31:01
58.22.177.220,9999,高匿名,HTTP,福建省南平市  联通,2秒,2020-01-29 18:31:01
171.35.169.100,9999,高匿名,HTTP,江西省宜春市  联通,2秒,2020-01-29 17:31:01
112.84.55.160,9999,高匿名,HTTP,江苏省徐州市  联通,2秒,2020-01-29 16:31:01
122.192.175.61,9999,高匿名,HTTP,江苏省徐州市  联通,1秒,2020-01-29 15:31:01
183.166.21.103,9999,高匿名,HTTP,安徽省淮南市  电信,3秒,2020-01-29 13:31:01
60.167.133.168,9999,高匿名,HTTP,安徽省芜湖市  电信,0.5秒,2020-01-29 10:31:01
106.85.133.108,9999,高匿名,HTTP,中国 重庆市 重庆市 电信,2秒,2020-01-29 09:31:02
223.241.117.253,9999,高匿名,HTTP,安徽省芜湖市  电信,1秒,2020-01-29 08:31:01
